ds,temperature,precipitation,humidity,wind_speed
2024-05-01 00:00:00,28.1,1.91,67,3.6
2024-05-01 01:00:00,26.2,0.48,56,7.6
2024-05-01 02:00:00,22.5,2.72,48,12.3
2024-05-01 03:00:00,23.2,2.47,60,5.7
2024-05-01 04:00:00,23.0,0.42,89,2.0
2024-05-01 05:00:00,26.6,0.62,73,6.5
2024-05-01 06:00:00,37.8,1.96,50,9.0
2024-05-01 07:00:00,28.4,2.52,59,0.1
2024-05-01 08:00:00,33.9,1.71,88,5.2
2024-05-01 09:00:00,30.5,3.58,89,9.1
2024-05-01 10:00:00,33.6,1.26,86,14.3
2024-05-01 11:00:00,14.0,0.0,78,6.1
2024-05-01 12:00:00,26.5,3.41,55,2.4
2024-05-01 13:00:00,34.5,1.96,68,8.0
2024-05-01 14:00:00,25.1,3.82,40,4.3
2024-05-01 15:00:00,36.8,2.66,57,3.2
2024-05-01 16:00:00,35.4,2.0,61,8.9
2024-05-01 17:00:00,25.7,1.77,47,13.7
2024-05-01 18:00:00,25.5,2.72,46,12.5
2024-05-01 19:00:00,22.9,1.38,64,2.7
2024-05-01 20:00:00,24.9,0.72,69,11.5
2024-05-01 21:00:00,21.8,2.91,73,3.4
2024-05-01 22:00:00,30.1,1.78,83,4.4
2024-05-01 23:00:00,20.7,2.05,87,13.8
2024-05-02 00:00:00,31.0,3.63,80,13.7
2024-05-02 01:00:00,31.1,1.83,50,2.5
2024-05-02 02:00:00,19.7,2.02,54,1.0
2024-05-02 03:00:00,35.7,1.1,74,4.4
2024-05-02 04:00:00,30.6,2.65,62,8.7
2024-05-02 05:00:00,31.7,2.52,84,13.2
2024-05-02 06:00:00,24.2,3.35,60,1.8
2024-05-02 07:00:00,31.1,1.13,67,6.2
2024-05-02 08:00:00,33.6,1.31,52,4.1
2024-05-02 09:00:00,27.5,3.19,73,0.2
2024-05-02 10:00:00,38.0,2.38,77,11.8
2024-05-02 11:00:00,28.2,0.64,45,12.2
2024-05-02 12:00:00,33.7,3.96,83,3.3
2024-05-02 13:00:00,29.5,0.55,43,2.3
2024-05-02 14:00:00,30.9,3.18,44,2.2
2024-05-02 15:00:00,19.6,0.1,79,7.0
2024-05-02 16:00:00,29.9,4.83,45,3.7
2024-05-02 17:00:00,24.3,0.32,60,7.7
2024-05-02 18:00:00,23.8,3.73,67,5.8
2024-05-02 19:00:00,36.7,1.88,42,3.2
2024-05-02 20:00:00,26.9,1.45,62,11.3
2024-05-02 21:00:00,23.0,2.28,47,2.3
2024-05-02 22:00:00,26.2,2.95,58,12.0
2024-05-02 23:00:00,21.5,0.64,50,8.4
2024-05-03 00:00:00,35.2,0.78,89,12.5
2024-05-03 01:00:00,24.5,2.97,49,0.1
2024-05-03 02:00:00,30.6,0.56,67,11.2
2024-05-03 03:00:00,34.8,1.12,59,0.8
2024-05-03 04:00:00,25.5,6.56,83,14.3
2024-05-03 05:00:00,30.7,0.55,67,10.5
2024-05-03 06:00:00,22.8,3.72,68,4.8
2024-05-03 07:00:00,40.2,1.12,47,4.8
2024-05-03 08:00:00,32.7,2.76,58,12.9
2024-05-03 09:00:00,27.0,2.98,87,13.5
2024-05-03 10:00:00,24.1,3.69,60,13.4
2024-05-03 11:00:00,27.4,1.7,57,12.1
2024-05-03 12:00:00,26.3,4.98,48,12.3
2024-05-03 13:00:00,37.8,1.12,43,8.6
2024-05-03 14:00:00,21.9,2.35,80,0.4
2024-05-03 15:00:00,28.7,2.37,64,1.3
2024-05-03 16:00:00,27.9,0.32,73,9.7
2024-05-03 17:00:00,27.4,1.57,48,6.0
2024-05-03 18:00:00,27.5,2.24,48,8.5
2024-05-03 19:00:00,27.4,1.35,57,3.5
2024-05-03 20:00:00,32.4,5.66,50,9.7
2024-05-03 21:00:00,31.0,0.74,52,3.6
2024-05-03 22:00:00,30.1,3.77,77,6.9
2024-05-03 23:00:00,12.8,3.28,48,7.2
2024-05-04 00:00:00,29.5,1.98,55,2.7
2024-05-04 01:00:00,19.7,0.7,43,13.1
2024-05-04 02:00:00,31.2,0.85,73,7.9
2024-05-04 03:00:00,35.4,1.22,46,13.0
2024-05-04 04:00:00,23.4,0.68,54,3.9
2024-05-04 05:00:00,26.7,0.49,77,2.6
2024-05-04 06:00:00,25.0,0.22,50,0.3
2024-05-04 07:00:00,34.2,4.02,71,1.4
2024-05-04 08:00:00,28.5,2.93,66,2.2
2024-05-04 09:00:00,36.6,3.18,69,1.2
2024-05-04 10:00:00,30.1,2.88,56,13.5
2024-05-04 11:00:00,29.2,2.25,75,13.7
2024-05-04 12:00:00,28.3,4.19,58,14.1
2024-05-04 13:00:00,32.1,1.08,46,14.4
2024-05-04 14:00:00,19.3,2.16,82,7.4
2024-05-04 15:00:00,28.4,3.12,84,8.0
2024-05-04 16:00:00,27.6,0.02,60,2.0
2024-05-04 17:00:00,31.6,6.64,67,2.1
2024-05-04 18:00:00,27.1,2.04,42,11.6
2024-05-04 19:00:00,22.8,2.21,53,12.8
2024-05-04 20:00:00,28.0,3.89,41,11.8
2024-05-04 21:00:00,22.6,3.37,68,12.5
2024-05-04 22:00:00,18.4,2.06,57,4.1
2024-05-04 23:00:00,31.6,2.2,76,7.0
2024-05-05 00:00:00,30.9,0.26,84,6.9
2024-05-05 01:00:00,30.3,1.17,84,14.9
2024-05-05 02:00:00,34.5,2.78,63,14.2
2024-05-05 03:00:00,24.7,2.67,85,9.0
2024-05-05 04:00:00,20.8,3.83,51,2.1
2024-05-05 05:00:00,27.6,1.82,84,3.9
2024-05-05 06:00:00,26.3,0.08,71,5.5
2024-05-05 07:00:00,23.8,3.59,57,13.1
2024-05-05 08:00:00,27.6,4.15,52,2.6
2024-05-05 09:00:00,24.9,3.35,43,3.3
2024-05-05 10:00:00,18.8,1.75,62,5.2
2024-05-05 11:00:00,25.8,3.57,49,13.9
2024-05-05 12:00:00,22.3,7.14,44,7.6
2024-05-05 13:00:00,29.2,2.17,89,9.7
2024-05-05 14:00:00,24.7,0.03,79,5.8
2024-05-05 15:00:00,33.6,1.12,53,2.8
2024-05-05 16:00:00,36.0,2.94,73,3.3
2024-05-05 17:00:00,31.4,0.41,67,12.0
2024-05-05 18:00:00,20.2,2.25,47,13.4
2024-05-05 19:00:00,35.5,2.57,55,7.4
2024-05-05 20:00:00,35.9,4.3,70,5.4
2024-05-05 21:00:00,28.1,3.97,46,12.1
2024-05-05 22:00:00,34.6,3.3,42,10.1
2024-05-05 23:00:00,25.2,1.24,68,0.6
2024-05-06 00:00:00,18.7,3.38,75,5.3
2024-05-06 01:00:00,24.2,3.06,78,10.2
2024-05-06 02:00:00,36.6,2.38,43,8.6
2024-05-06 03:00:00,20.5,0.6,48,14.7
2024-05-06 04:00:00,28.0,0.83,56,13.0
2024-05-06 05:00:00,28.2,0.25,88,0.9
2024-05-06 06:00:00,25.4,1.02,59,10.9
2024-05-06 07:00:00,25.8,2.0,53,5.0
2024-05-06 08:00:00,28.4,0.8,85,10.2
2024-05-06 09:00:00,25.2,5.94,68,9.3
2024-05-06 10:00:00,20.9,1.75,52,7.5
2024-05-06 11:00:00,29.1,3.94,75,12.8
2024-05-06 12:00:00,33.4,0.35,84,10.6
2024-05-06 13:00:00,32.3,1.2,56,13.3
2024-05-06 14:00:00,24.0,2.15,86,4.2
2024-05-06 15:00:00,21.7,0.64,89,5.2
2024-05-06 16:00:00,26.6,1.37,82,9.3
2024-05-06 17:00:00,35.8,1.67,43,14.5
2024-05-06 18:00:00,31.2,1.65,59,5.6
2024-05-06 19:00:00,31.5,4.78,50,0.5
2024-05-06 20:00:00,32.4,2.57,81,6.7
2024-05-06 21:00:00,30.1,2.72,61,8.2
2024-05-06 22:00:00,28.6,2.81,84,12.0
2024-05-06 23:00:00,31.3,2.92,47,10.9
2024-05-07 00:00:00,25.3,1.88,67,14.5
2024-05-07 01:00:00,20.9,1.52,84,11.7
2024-05-07 02:00:00,31.6,2.25,80,4.5
2024-05-07 03:00:00,34.2,3.74,69,9.6
2024-05-07 04:00:00,22.4,3.69,72,10.1
2024-05-07 05:00:00,32.1,1.64,72,15.0
2024-05-07 06:00:00,36.4,3.15,86,2.1
2024-05-07 07:00:00,28.0,1.71,75,2.9
2024-05-07 08:00:00,23.9,2.05,66,2.3
2024-05-07 09:00:00,28.6,1.29,59,8.8
2024-05-07 10:00:00,25.2,1.73,72,2.0
2024-05-07 11:00:00,24.9,4.01,64,9.8
2024-05-07 12:00:00,30.2,2.14,83,12.1
2024-05-07 13:00:00,20.0,2.2,82,6.5
2024-05-07 14:00:00,20.8,0.17,58,8.4
2024-05-07 15:00:00,28.1,1.54,86,13.7
2024-05-07 16:00:00,27.9,1.64,60,8.5
2024-05-07 17:00:00,29.7,0.76,81,3.1
2024-05-07 18:00:00,37.4,2.03,72,5.1
2024-05-07 19:00:00,28.5,1.36,42,7.9
2024-05-07 20:00:00,31.0,2.12,53,2.3
2024-05-07 21:00:00,23.1,2.18,54,9.2
2024-05-07 22:00:00,31.8,0.57,72,15.0
2024-05-07 23:00:00,25.4,1.4,81,9.8
2024-05-08 00:00:00,28.4,2.12,61,5.6
2024-05-08 01:00:00,27.5,3.78,40,5.0
2024-05-08 02:00:00,33.2,2.39,70,14.0
2024-05-08 03:00:00,21.5,1.01,86,13.1
2024-05-08 04:00:00,16.6,2.6,74,7.1
2024-05-08 05:00:00,26.9,4.56,59,5.3
2024-05-08 06:00:00,30.3,3.38,71,10.7
2024-05-08 07:00:00,28.8,2.82,51,4.7
2024-05-08 08:00:00,34.2,3.09,55,1.8
2024-05-08 09:00:00,30.2,4.16,47,4.7
2024-05-08 10:00:00,25.2,3.61,53,6.5
2024-05-08 11:00:00,16.4,2.85,57,3.8
2024-05-08 12:00:00,26.8,3.6,69,3.3
2024-05-08 13:00:00,33.1,0.38,72,0.1
2024-05-08 14:00:00,26.0,0.25,73,9.5
2024-05-08 15:00:00,28.1,2.24,83,9.2
2024-05-08 16:00:00,30.1,2.1,88,2.8
2024-05-08 17:00:00,22.9,1.18,73,14.2
2024-05-08 18:00:00,31.1,3.24,88,6.1
2024-05-08 19:00:00,36.2,0.79,46,0.4
2024-05-08 20:00:00,27.1,1.2,45,3.3
2024-05-08 21:00:00,22.4,1.27,45,10.4
2024-05-08 22:00:00,27.7,0.45,61,3.0
2024-05-08 23:00:00,16.9,4.24,47,0.8
2024-05-09 00:00:00,29.7,0.04,76,9.3
2024-05-09 01:00:00,30.3,1.12,54,7.8
2024-05-09 02:00:00,36.4,3.36,65,11.4
2024-05-09 03:00:00,27.0,2.97,78,11.6
2024-05-09 04:00:00,30.0,0.34,42,14.4
2024-05-09 05:00:00,23.7,3.02,49,0.9
2024-05-09 06:00:00,26.2,2.43,42,0.6
2024-05-09 07:00:00,20.4,5.5,69,14.8
2024-05-09 08:00:00,27.0,2.61,85,9.7
2024-05-09 09:00:00,26.5,1.79,61,10.7
2024-05-09 10:00:00,29.5,0.72,42,1.4
2024-05-09 11:00:00,24.9,0.88,40,1.0
2024-05-09 12:00:00,28.4,0.76,72,2.4
2024-05-09 13:00:00,26.3,4.06,58,6.4
2024-05-09 14:00:00,26.3,2.03,75,1.7
2024-05-09 15:00:00,28.4,2.85,73,6.7
2024-05-09 16:00:00,28.2,4.27,70,8.4
2024-05-09 17:00:00,31.8,1.54,82,0.0
2024-05-09 18:00:00,27.4,3.92,63,1.7
2024-05-09 19:00:00,26.3,2.08,51,5.6
2024-05-09 20:00:00,27.1,2.65,52,0.8
2024-05-09 21:00:00,24.4,0.76,55,2.0
2024-05-09 22:00:00,26.2,0.87,55,3.5
2024-05-09 23:00:00,38.2,2.73,59,6.4
2024-05-10 00:00:00,23.4,5.58,80,10.7
2024-05-10 01:00:00,26.6,3.5,87,2.0
2024-05-10 02:00:00,26.1,3.9,66,11.1
2024-05-10 03:00:00,26.8,1.71,78,12.8
2024-05-10 04:00:00,26.3,1.1,52,9.8
2024-05-10 05:00:00,29.4,0.83,43,0.7
2024-05-10 06:00:00,19.4,1.27,71,6.6
2024-05-10 07:00:00,33.2,1.08,84,9.9
2024-05-10 08:00:00,31.2,0.91,79,14.7
2024-05-10 09:00:00,21.8,1.16,73,14.3
2024-05-10 10:00:00,16.7,1.74,78,5.9
2024-05-10 11:00:00,23.1,2.2,82,9.2
2024-05-10 12:00:00,26.8,2.54,56,13.4
2024-05-10 13:00:00,40.9,1.98,63,12.5
2024-05-10 14:00:00,30.7,1.13,68,7.2
2024-05-10 15:00:00,19.0,0.95,85,3.9
2024-05-10 16:00:00,24.6,1.14,67,2.1
2024-05-10 17:00:00,27.7,0.54,84,7.3
2024-05-10 18:00:00,29.3,2.7,86,10.8
2024-05-10 19:00:00,21.4,3.36,61,14.5
2024-05-10 20:00:00,27.3,3.41,67,12.9
2024-05-10 21:00:00,24.4,3.14,64,3.1
2024-05-10 22:00:00,22.5,1.8,80,10.8
2024-05-10 23:00:00,29.3,1.22,42,4.3
2024-05-11 00:00:00,31.9,0.88,52,10.3
2024-05-11 01:00:00,32.2,0.26,70,10.0
2024-05-11 02:00:00,30.9,3.49,52,4.1
2024-05-11 03:00:00,25.5,1.74,80,3.5
2024-05-11 04:00:00,31.6,0.13,57,1.6
2024-05-11 05:00:00,29.5,0.76,76,0.8
2024-05-11 06:00:00,28.7,0.7,82,12.9
2024-05-11 07:00:00,24.9,2.06,73,0.7
2024-05-11 08:00:00,25.5,3.6,56,1.3
2024-05-11 09:00:00,28.4,1.48,60,3.6
2024-05-11 10:00:00,40.2,1.38,75,13.3
2024-05-11 11:00:00,29.5,1.72,89,5.0
2024-05-11 12:00:00,24.9,1.77,79,2.9
2024-05-11 13:00:00,23.8,1.66,58,10.7
2024-05-11 14:00:00,25.5,1.06,51,4.8
2024-05-11 15:00:00,38.9,2.33,67,5.0
2024-05-11 16:00:00,26.0,2.1,50,11.1
2024-05-11 17:00:00,32.5,1.96,87,3.8
2024-05-11 18:00:00,26.1,2.62,76,13.5
2024-05-11 19:00:00,29.3,1.36,67,8.4
2024-05-11 20:00:00,32.0,1.27,74,8.1
2024-05-11 21:00:00,25.1,4.07,83,4.0
2024-05-11 22:00:00,24.8,2.84,54,12.5
2024-05-11 23:00:00,36.3,3.24,55,8.6
2024-05-12 00:00:00,32.9,3.84,84,2.3
2024-05-12 01:00:00,32.0,2.79,46,3.1
2024-05-12 02:00:00,31.9,3.39,86,7.0
2024-05-12 03:00:00,30.3,0.37,42,11.7
2024-05-12 04:00:00,38.1,2.31,70,14.1
2024-05-12 05:00:00,28.2,1.73,51,10.0
2024-05-12 06:00:00,30.9,4.52,47,7.6
2024-05-12 07:00:00,20.7,3.39,64,3.8
2024-05-12 08:00:00,23.9,1.05,83,10.1
2024-05-12 09:00:00,22.0,2.56,89,14.7
2024-05-12 10:00:00,34.4,2.25,74,7.1
2024-05-12 11:00:00,15.2,2.68,51,2.4
2024-05-12 12:00:00,26.0,0.47,60,1.6
2024-05-12 13:00:00,13.0,2.54,65,4.0
2024-05-12 14:00:00,23.8,1.66,41,8.5
2024-05-12 15:00:00,25.5,2.42,53,14.2
2024-05-12 16:00:00,34.9,0.91,85,4.5
2024-05-12 17:00:00,30.0,1.12,43,4.6
2024-05-12 18:00:00,23.8,3.76,56,7.2
2024-05-12 19:00:00,33.3,0.42,86,13.8
2024-05-12 20:00:00,28.1,0.53,87,6.3
2024-05-12 21:00:00,28.2,1.92,44,3.3
2024-05-12 22:00:00,22.0,0.84,63,2.4
2024-05-12 23:00:00,23.0,0.67,88,6.9
2024-05-13 00:00:00,23.9,2.16,46,12.0
2024-05-13 01:00:00,28.2,0.26,62,4.4
2024-05-13 02:00:00,28.4,0.49,86,7.7
2024-05-13 03:00:00,35.7,5.08,56,9.0
2024-05-13 04:00:00,29.9,2.69,51,6.8
2024-05-13 05:00:00,14.5,0.88,50,2.9
2024-05-13 06:00:00,29.3,2.63,50,13.8
2024-05-13 07:00:00,20.7,2.85,73,8.5
2024-05-13 08:00:00,23.2,3.49,86,10.9
2024-05-13 09:00:00,23.9,1.81,76,9.5
2024-05-13 10:00:00,24.7,3.46,89,15.0
2024-05-13 11:00:00,21.1,1.06,68,6.8
2024-05-13 12:00:00,29.0,0.42,87,6.4
2024-05-13 13:00:00,20.9,2.25,75,5.4
2024-05-13 14:00:00,29.8,2.49,66,5.4
2024-05-13 15:00:00,39.2,0.63,81,4.1
2024-05-13 16:00:00,21.4,2.39,61,14.7
2024-05-13 17:00:00,26.6,1.06,41,13.1
2024-05-13 18:00:00,15.4,1.58,86,4.8
2024-05-13 19:00:00,26.5,3.54,75,4.6
2024-05-13 20:00:00,31.2,3.36,87,1.6
2024-05-13 21:00:00,31.6,0.5,69,13.2
2024-05-13 22:00:00,28.4,0.41,46,5.6
2024-05-13 23:00:00,32.4,1.38,51,8.6
2024-05-14 00:00:00,40.7,1.96,42,13.5
2024-05-14 01:00:00,36.6,1.01,56,6.1
2024-05-14 02:00:00,25.4,3.56,80,12.1
2024-05-14 03:00:00,20.7,2.52,71,6.5
2024-05-14 04:00:00,26.0,2.61,47,10.5
2024-05-14 05:00:00,23.3,0.1,62,6.5
2024-05-14 06:00:00,30.3,3.75,77,5.9
2024-05-14 07:00:00,22.1,2.23,69,14.9
2024-05-14 08:00:00,27.6,3.25,54,9.2
2024-05-14 09:00:00,32.2,3.4,49,5.5
2024-05-14 10:00:00,27.5,1.35,77,3.9
2024-05-14 11:00:00,23.3,3.91,54,0.6
2024-05-14 12:00:00,33.9,1.91,69,10.6
2024-05-14 13:00:00,18.6,2.09,85,5.6
2024-05-14 14:00:00,26.4,2.51,65,12.3
2024-05-14 15:00:00,27.8,6.78,84,5.5
2024-05-14 16:00:00,28.1,4.02,53,5.6
2024-05-14 17:00:00,28.9,3.05,42,11.7
2024-05-14 18:00:00,31.1,0.63,75,7.3
2024-05-14 19:00:00,27.8,2.22,65,13.3
2024-05-14 20:00:00,26.2,0.78,53,8.9
2024-05-14 21:00:00,26.0,3.23,70,3.6
2024-05-14 22:00:00,24.9,2.21,53,8.5
2024-05-14 23:00:00,31.9,0.31,79,0.1
2024-05-15 00:00:00,24.8,2.12,49,4.7
2024-05-15 01:00:00,32.2,0.73,48,3.1
2024-05-15 02:00:00,28.1,2.23,85,9.8
2024-05-15 03:00:00,25.4,0.71,79,2.0
2024-05-15 04:00:00,31.1,2.04,82,4.4
2024-05-15 05:00:00,24.4,3.13,81,5.0
2024-05-15 06:00:00,31.2,1.92,57,0.0
2024-05-15 07:00:00,29.1,1.41,75,0.7
2024-05-15 08:00:00,25.0,2.3,75,4.7
2024-05-15 09:00:00,30.6,3.05,51,3.3
2024-05-15 10:00:00,30.7,0.34,89,1.8
2024-05-15 11:00:00,33.8,2.39,79,2.3
2024-05-15 12:00:00,32.8,3.98,42,12.5
2024-05-15 13:00:00,30.5,2.86,57,10.2
2024-05-15 14:00:00,22.4,2.09,46,7.3
2024-05-15 15:00:00,40.2,2.96,70,13.6
2024-05-15 16:00:00,21.0,2.68,40,0.4
2024-05-15 17:00:00,32.7,3.13,70,5.2
2024-05-15 18:00:00,30.2,1.04,52,12.4
2024-05-15 19:00:00,22.1,0.33,68,9.4
2024-05-15 20:00:00,27.4,3.51,42,14.7
2024-05-15 21:00:00,27.6,0.26,68,14.2
2024-05-15 22:00:00,34.5,2.6,74,2.5
2024-05-15 23:00:00,24.4,1.47,54,14.6
2024-05-16 00:00:00,26.7,0.51,60,14.2
2024-05-16 01:00:00,16.3,2.52,58,5.6
2024-05-16 02:00:00,36.7,2.3,67,14.7
2024-05-16 03:00:00,22.6,5.17,43,0.5
2024-05-16 04:00:00,29.6,1.06,84,9.9
2024-05-16 05:00:00,27.5,4.16,52,4.0
2024-05-16 06:00:00,27.5,2.53,54,1.9
2024-05-16 07:00:00,32.0,1.01,87,8.7
2024-05-16 08:00:00,36.4,3.2,78,4.6
2024-05-16 09:00:00,29.3,2.85,71,10.0
2024-05-16 10:00:00,31.3,2.05,42,8.1
2024-05-16 11:00:00,29.6,2.4,69,5.9
2024-05-16 12:00:00,33.1,1.1,59,2.7
2024-05-16 13:00:00,25.7,0.76,41,9.0
2024-05-16 14:00:00,33.4,3.14,89,12.4
2024-05-16 15:00:00,33.6,1.66,64,9.0
2024-05-16 16:00:00,33.4,1.88,50,9.2
2024-05-16 17:00:00,24.7,2.42,40,7.7
2024-05-16 18:00:00,27.2,2.4,87,5.8
2024-05-16 19:00:00,29.2,0.14,88,6.9
2024-05-16 20:00:00,21.1,3.93,87,14.8
2024-05-16 21:00:00,36.0,2.18,49,11.2
2024-05-16 22:00:00,27.9,1.7,56,6.5
2024-05-16 23:00:00,29.4,2.65,69,6.9
2024-05-17 00:00:00,25.1,2.35,74,7.5
2024-05-17 01:00:00,21.4,3.15,89,9.9
2024-05-17 02:00:00,25.0,2.81,58,7.0
2024-05-17 03:00:00,29.1,3.08,85,10.3
2024-05-17 04:00:00,31.4,4.03,73,4.9
2024-05-17 05:00:00,28.8,3.33,71,6.2
2024-05-17 06:00:00,29.7,1.76,51,13.0
2024-05-17 07:00:00,26.3,0.32,82,4.9
2024-05-17 08:00:00,30.5,4.5,56,14.5
2024-05-17 09:00:00,35.4,1.64,45,2.6
2024-05-17 10:00:00,31.5,1.29,52,3.6
2024-05-17 11:00:00,32.0,0.61,78,7.0
2024-05-17 12:00:00,29.5,2.51,61,12.0
2024-05-17 13:00:00,20.5,2.22,50,11.0
2024-05-17 14:00:00,22.8,0.27,46,2.6
2024-05-17 15:00:00,30.3,2.68,84,3.6
2024-05-17 16:00:00,27.9,1.25,84,8.6
2024-05-17 17:00:00,30.2,6.04,60,4.4
2024-05-17 18:00:00,36.4,1.15,40,6.3
2024-05-17 19:00:00,31.6,1.35,69,7.3
2024-05-17 20:00:00,34.3,0.69,58,8.9
2024-05-17 21:00:00,28.5,3.92,86,3.8
2024-05-17 22:00:00,24.0,1.44,85,2.4
2024-05-17 23:00:00,27.7,0.91,68,6.0
2024-05-18 00:00:00,24.0,3.06,74,1.2
2024-05-18 01:00:00,35.8,0.07,59,7.9
2024-05-18 02:00:00,32.0,2.94,75,12.6
2024-05-18 03:00:00,30.6,4.67,78,1.8
2024-05-18 04:00:00,34.2,2.85,40,1.7
2024-05-18 05:00:00,17.9,2.96,62,1.2
2024-05-18 06:00:00,30.9,3.31,70,12.7
2024-05-18 07:00:00,21.4,4.56,74,1.2
2024-05-18 08:00:00,28.0,3.81,86,14.8
2024-05-18 09:00:00,26.4,2.66,84,5.4
2024-05-18 10:00:00,31.3,3.36,61,4.9
2024-05-18 11:00:00,29.1,0.67,85,1.4
2024-05-18 12:00:00,34.7,3.16,46,8.8
2024-05-18 13:00:00,25.0,0.49,72,8.8
2024-05-18 14:00:00,31.5,1.45,84,7.4
2024-05-18 15:00:00,28.8,2.62,75,4.7
2024-05-18 16:00:00,19.8,2.6,83,5.5
2024-05-18 17:00:00,23.4,1.03,46,4.8
2024-05-18 18:00:00,27.3,3.67,66,6.4
2024-05-18 19:00:00,33.6,2.59,41,5.1
2024-05-18 20:00:00,30.3,3.69,56,10.1
2024-05-18 21:00:00,22.2,0.37,40,4.4
2024-05-18 22:00:00,27.3,3.56,85,5.3
2024-05-18 23:00:00,38.1,5.16,69,6.5
2024-05-19 00:00:00,28.6,3.15,61,0.1
2024-05-19 01:00:00,26.4,3.19,67,7.4
2024-05-19 02:00:00,30.5,2.25,72,3.8
2024-05-19 03:00:00,31.8,1.21,65,0.8
2024-05-19 04:00:00,25.7,3.14,74,13.7
2024-05-19 05:00:00,30.5,0.26,50,4.8
2024-05-19 06:00:00,26.4,1.37,46,6.4
2024-05-19 07:00:00,31.6,0.66,67,12.4
2024-05-19 08:00:00,28.8,0.94,64,2.5
2024-05-19 09:00:00,30.4,2.96,80,12.8
2024-05-19 10:00:00,24.2,2.76,70,3.6
2024-05-19 11:00:00,23.9,2.08,42,8.8
2024-05-19 12:00:00,32.7,2.26,72,10.3
2024-05-19 13:00:00,27.6,0.83,73,13.6
2024-05-19 14:00:00,29.4,1.44,60,9.1
2024-05-19 15:00:00,26.5,0.98,76,6.8
2024-05-19 16:00:00,32.5,1.01,88,8.6
2024-05-19 17:00:00,25.0,2.9,58,3.0
2024-05-19 18:00:00,27.3,0.71,76,10.3
2024-05-19 19:00:00,31.9,1.09,60,2.8
2024-05-19 20:00:00,33.9,1.13,53,8.4
2024-05-19 21:00:00,25.4,1.56,49,9.7
2024-05-19 22:00:00,37.8,0.37,46,13.5
2024-05-19 23:00:00,29.6,2.12,68,6.8
2024-05-20 00:00:00,22.8,0.57,79,11.6
2024-05-20 01:00:00,29.8,2.16,47,2.5
2024-05-20 02:00:00,26.1,1.78,78,2.3
2024-05-20 03:00:00,30.2,4.51,52,7.9
2024-05-20 04:00:00,27.8,2.75,85,8.9
2024-05-20 05:00:00,28.4,0.76,58,9.5
2024-05-20 06:00:00,23.4,0.1,50,11.2
2024-05-20 07:00:00,33.0,2.08,41,4.4
2024-05-20 08:00:00,22.2,0.61,88,9.3
2024-05-20 09:00:00,22.5,2.45,45,2.8
2024-05-20 10:00:00,29.8,4.02,68,3.3
2024-05-20 11:00:00,36.0,3.08,80,1.0
2024-05-20 12:00:00,26.2,2.78,44,11.2
2024-05-20 13:00:00,31.5,1.09,80,7.6
2024-05-20 14:00:00,33.4,2.64,69,3.6
2024-05-20 15:00:00,32.1,0.94,78,8.3
2024-05-20 16:00:00,26.4,2.31,75,5.3
2024-05-20 17:00:00,22.5,0.62,66,12.6
2024-05-20 18:00:00,17.0,4.27,89,7.9
2024-05-20 19:00:00,26.7,0.36,57,0.4
2024-05-20 20:00:00,33.9,3.85,88,14.8
2024-05-20 21:00:00,22.4,2.06,75,1.1
2024-05-20 22:00:00,31.5,1.27,55,10.4
2024-05-20 23:00:00,23.2,2.25,44,6.6
2024-05-21 00:00:00,28.5,3.1,48,3.7
2024-05-21 01:00:00,31.5,4.05,73,10.1
2024-05-21 02:00:00,24.7,2.47,73,1.9
2024-05-21 03:00:00,28.9,0.66,75,12.9
2024-05-21 04:00:00,25.9,2.08,70,3.8
2024-05-21 05:00:00,31.5,4.73,59,5.4
2024-05-21 06:00:00,29.2,4.02,56,9.5
2024-05-21 07:00:00,28.3,3.36,59,0.0
2024-05-21 08:00:00,35.8,3.19,67,7.1
2024-05-21 09:00:00,31.3,3.05,60,13.4
2024-05-21 10:00:00,24.5,3.74,58,10.2
2024-05-21 11:00:00,27.6,1.32,42,5.8
2024-05-21 12:00:00,27.6,0.03,69,9.9
2024-05-21 13:00:00,28.4,2.1,44,14.0
2024-05-21 14:00:00,40.6,0.77,81,2.8
2024-05-21 15:00:00,29.9,0.42,45,8.0
2024-05-21 16:00:00,17.8,0.92,42,3.5
2024-05-21 17:00:00,25.3,5.73,88,12.8
2024-05-21 18:00:00,18.3,2.2,81,10.8
2024-05-21 19:00:00,26.4,2.54,63,12.0
2024-05-21 20:00:00,18.1,0.17,83,14.1
2024-05-21 21:00:00,23.6,0.77,40,3.5
2024-05-21 22:00:00,20.4,0.77,89,0.7
2024-05-21 23:00:00,29.9,4.16,75,4.4
2024-05-22 00:00:00,28.0,2.5,54,6.0
2024-05-22 01:00:00,29.5,2.9,80,9.4
2024-05-22 02:00:00,27.5,3.11,77,12.0
2024-05-22 03:00:00,21.0,1.11,83,5.2
2024-05-22 04:00:00,30.6,4.08,57,7.1
2024-05-22 05:00:00,37.6,1.05,62,11.8
2024-05-22 06:00:00,30.0,4.11,86,3.4
2024-05-22 07:00:00,25.9,2.66,68,3.3
2024-05-22 08:00:00,20.9,0.68,80,8.8
2024-05-22 09:00:00,23.5,0.88,61,6.5
2024-05-22 10:00:00,30.3,0.68,63,14.2
2024-05-22 11:00:00,33.4,3.74,84,5.4
2024-05-22 12:00:00,29.3,1.96,87,11.4
2024-05-22 13:00:00,32.0,1.34,52,8.7
2024-05-22 14:00:00,31.5,2.56,72,0.8
2024-05-22 15:00:00,30.5,1.19,89,1.3
2024-05-22 16:00:00,24.7,0.23,61,3.0
2024-05-22 17:00:00,28.9,4.52,74,2.1
2024-05-22 18:00:00,23.8,2.16,56,4.9
2024-05-22 19:00:00,28.1,1.56,61,8.7
2024-05-22 20:00:00,29.7,1.4,44,9.0
2024-05-22 21:00:00,36.4,0.27,64,8.8
2024-05-22 22:00:00,21.5,0.04,45,1.8
2024-05-22 23:00:00,30.4,3.93,56,9.0
2024-05-23 00:00:00,35.4,1.29,70,6.1
2024-05-23 01:00:00,31.8,2.03,56,13.5
2024-05-23 02:00:00,32.2,1.07,72,13.7
2024-05-23 03:00:00,30.9,0.02,78,11.5
2024-05-23 04:00:00,34.5,2.91,87,10.5
2024-05-23 05:00:00,22.6,2.57,76,1.7
2024-05-23 06:00:00,21.1,4.63,87,1.3
2024-05-23 07:00:00,28.0,4.01,43,12.6
2024-05-23 08:00:00,17.2,1.65,82,6.4
2024-05-23 09:00:00,34.2,2.71,53,6.8
2024-05-23 10:00:00,34.1,1.53,52,12.7
2024-05-23 11:00:00,25.8,5.08,66,9.3
2024-05-23 12:00:00,26.1,3.72,63,2.7
2024-05-23 13:00:00,27.6,2.25,66,3.2
2024-05-23 14:00:00,28.3,2.3,47,0.1
2024-05-23 15:00:00,28.6,4.17,86,10.7
2024-05-23 16:00:00,30.8,2.87,89,7.3
2024-05-23 17:00:00,27.1,4.34,78,14.2
2024-05-23 18:00:00,32.7,1.29,60,10.7
2024-05-23 19:00:00,30.2,2.69,80,1.5
2024-05-23 20:00:00,25.0,1.23,50,2.4
2024-05-23 21:00:00,34.7,4.63,70,7.5
2024-05-23 22:00:00,21.2,4.32,66,13.9
2024-05-23 23:00:00,27.5,2.05,81,3.7
2024-05-24 00:00:00,32.8,4.3,85,12.4
2024-05-24 01:00:00,24.4,4.67,87,4.7
2024-05-24 02:00:00,29.5,2.11,66,4.0
2024-05-24 03:00:00,30.7,5.71,47,13.5
2024-05-24 04:00:00,23.7,1.95,72,0.7
2024-05-24 05:00:00,27.6,1.68,51,9.9
2024-05-24 06:00:00,27.2,3.3,74,0.6
2024-05-24 07:00:00,25.2,1.47,73,12.0
2024-05-24 08:00:00,39.5,2.13,55,12.4
2024-05-24 09:00:00,24.2,4.11,75,13.4
2024-05-24 10:00:00,33.0,2.03,41,2.8
2024-05-24 11:00:00,26.0,0.54,51,1.9
2024-05-24 12:00:00,22.6,2.55,66,7.6
2024-05-24 13:00:00,28.5,0.96,56,4.1
2024-05-24 14:00:00,31.2,3.3,59,9.1
2024-05-24 15:00:00,32.6,3.04,60,7.7
2024-05-24 16:00:00,35.8,4.21,69,2.2
2024-05-24 17:00:00,42.7,3.36,81,11.1
2024-05-24 18:00:00,29.3,3.64,59,12.1
2024-05-24 19:00:00,24.7,1.0,47,14.4
2024-05-24 20:00:00,30.3,3.21,57,5.9
2024-05-24 21:00:00,26.7,4.95,57,5.1
2024-05-24 22:00:00,32.6,0.97,57,2.9
2024-05-24 23:00:00,21.5,4.7,41,2.7
2024-05-25 00:00:00,39.8,1.18,51,4.8
2024-05-25 01:00:00,32.3,0.72,71,14.7
2024-05-25 02:00:00,19.6,2.44,81,1.4
2024-05-25 03:00:00,24.5,3.07,47,3.9
2024-05-25 04:00:00,32.1,3.37,49,1.3
2024-05-25 05:00:00,33.9,0.56,50,4.1
2024-05-25 06:00:00,21.6,2.65,53,1.4
2024-05-25 07:00:00,31.6,0.97,65,7.6
2024-05-25 08:00:00,18.3,0.23,86,6.6
2024-05-25 09:00:00,27.6,0.61,69,2.6
2024-05-25 10:00:00,33.6,0.87,81,2.6
2024-05-25 11:00:00,25.2,2.78,43,9.4
2024-05-25 12:00:00,20.5,3.73,78,5.8
2024-05-25 13:00:00,28.7,0.21,50,0.8
2024-05-25 14:00:00,25.0,2.53,63,13.8
2024-05-25 15:00:00,31.1,0.23,61,6.1
2024-05-25 16:00:00,23.6,2.94,42,8.9
2024-05-25 17:00:00,24.1,1.07,76,13.3
2024-05-25 18:00:00,17.9,0.42,41,6.0
2024-05-25 19:00:00,28.8,3.2,51,12.3
2024-05-25 20:00:00,27.2,1.12,60,13.7
2024-05-25 21:00:00,22.1,1.53,44,2.6
2024-05-25 22:00:00,29.0,1.33,46,13.4
2024-05-25 23:00:00,33.1,3.42,43,1.8
2024-05-26 00:00:00,26.9,3.23,82,4.1
2024-05-26 01:00:00,29.3,2.01,80,12.1
2024-05-26 02:00:00,29.4,0.29,75,13.5
2024-05-26 03:00:00,22.0,3.81,61,10.3
2024-05-26 04:00:00,38.3,1.0,68,1.6
2024-05-26 05:00:00,25.6,1.32,48,7.8
2024-05-26 06:00:00,31.3,5.47,65,8.6
2024-05-26 07:00:00,31.8,0.94,51,4.2
2024-05-26 08:00:00,27.3,3.11,87,14.9
2024-05-26 09:00:00,31.0,2.84,40,5.0
2024-05-26 10:00:00,29.2,2.59,47,3.2
2024-05-26 11:00:00,20.9,2.42,72,1.7
2024-05-26 12:00:00,26.3,2.56,43,5.7
2024-05-26 13:00:00,24.9,2.41,53,10.4
2024-05-26 14:00:00,25.7,1.92,68,3.5
2024-05-26 15:00:00,21.5,4.27,53,11.5
2024-05-26 16:00:00,33.6,0.03,48,2.0
2024-05-26 17:00:00,36.0,3.53,48,6.6
2024-05-26 18:00:00,32.9,3.23,65,10.5
2024-05-26 19:00:00,34.4,3.05,88,2.0
2024-05-26 20:00:00,26.3,3.68,86,9.0
2024-05-26 21:00:00,24.8,1.86,81,12.0
2024-05-26 22:00:00,24.1,0.8,56,8.9
2024-05-26 23:00:00,31.2,1.89,80,7.7
2024-05-27 00:00:00,29.1,0.51,43,12.6
2024-05-27 01:00:00,27.6,0.9,85,14.8
2024-05-27 02:00:00,34.5,0.14,42,2.7
2024-05-27 03:00:00,30.0,1.28,68,10.4
2024-05-27 04:00:00,23.8,1.11,64,1.2
2024-05-27 05:00:00,24.6,1.57,60,0.6
2024-05-27 06:00:00,31.4,3.05,51,4.2
2024-05-27 07:00:00,33.2,5.33,40,14.6
2024-05-27 08:00:00,30.8,2.91,40,8.3
2024-05-27 09:00:00,37.5,1.7,84,4.0
2024-05-27 10:00:00,36.2,1.92,85,2.0
2024-05-27 11:00:00,30.2,1.37,87,13.8
2024-05-27 12:00:00,23.8,2.14,46,5.4
2024-05-27 13:00:00,21.5,1.94,49,4.6
2024-05-27 14:00:00,26.1,0.74,54,12.9
2024-05-27 15:00:00,31.8,4.52,79,9.1
2024-05-27 16:00:00,37.1,0.23,50,2.5
2024-05-27 17:00:00,30.1,3.08,85,6.3
2024-05-27 18:00:00,33.8,1.85,84,13.9
2024-05-27 19:00:00,26.8,4.85,62,13.5
2024-05-27 20:00:00,31.1,2.51,52,1.1
2024-05-27 21:00:00,32.1,1.46,66,4.0
2024-05-27 22:00:00,18.1,1.63,80,2.3
2024-05-27 23:00:00,25.9,2.06,56,8.0
2024-05-28 00:00:00,32.7,0.29,89,11.2
2024-05-28 01:00:00,29.4,0.85,52,4.4
2024-05-28 02:00:00,22.0,0.68,51,11.4
2024-05-28 03:00:00,15.8,0.62,68,10.0
2024-05-28 04:00:00,26.2,2.14,60,10.9
2024-05-28 05:00:00,27.6,2.45,59,14.2
2024-05-28 06:00:00,23.6,0.97,59,6.4
2024-05-28 07:00:00,28.7,1.79,70,5.1
2024-05-28 08:00:00,30.5,2.85,47,10.3
2024-05-28 09:00:00,31.4,1.76,63,12.1
2024-05-28 10:00:00,16.2,1.05,50,2.9
2024-05-28 11:00:00,21.4,1.38,78,12.7
2024-05-28 12:00:00,26.5,1.19,72,0.9
2024-05-28 13:00:00,30.9,1.04,81,0.1
2024-05-28 14:00:00,30.4,2.26,54,2.4
2024-05-28 15:00:00,30.4,5.46,43,14.7
2024-05-28 16:00:00,26.1,0.88,40,7.9
2024-05-28 17:00:00,26.4,1.52,71,0.7
2024-05-28 18:00:00,24.4,1.92,50,15.0
2024-05-28 19:00:00,31.8,0.97,69,11.2
2024-05-28 20:00:00,23.4,3.65,76,12.6
2024-05-28 21:00:00,32.3,1.56,58,3.2
2024-05-28 22:00:00,29.0,1.2,75,1.6
2024-05-28 23:00:00,27.8,3.23,73,7.7
2024-05-29 00:00:00,24.7,1.56,46,11.6
2024-05-29 01:00:00,21.2,0.77,84,9.6
2024-05-29 02:00:00,24.8,2.66,59,9.5
2024-05-29 03:00:00,26.3,3.36,51,11.4
2024-05-29 04:00:00,16.2,2.32,71,3.4
2024-05-29 05:00:00,27.0,0.8,41,9.9
2024-05-29 06:00:00,32.6,2.68,61,5.9
2024-05-29 07:00:00,30.8,1.4,80,1.0
2024-05-29 08:00:00,25.5,3.12,87,3.0
2024-05-29 09:00:00,28.2,4.22,79,11.9
2024-05-29 10:00:00,25.2,1.91,63,13.4
2024-05-29 11:00:00,28.7,2.17,89,4.2
2024-05-29 12:00:00,35.7,0.6,70,2.9
2024-05-29 13:00:00,32.8,5.66,43,0.4
2024-05-29 14:00:00,30.6,1.3,63,14.2
2024-05-29 15:00:00,25.5,3.12,82,10.3
2024-05-29 16:00:00,31.7,1.95,56,14.4
2024-05-29 17:00:00,19.6,0.8,79,13.0
2024-05-29 18:00:00,26.7,0.62,58,5.1
2024-05-29 19:00:00,30.9,4.38,79,1.7
2024-05-29 20:00:00,31.7,3.43,77,7.5
2024-05-29 21:00:00,31.3,4.92,73,0.4
2024-05-29 22:00:00,29.5,2.08,86,2.2
2024-05-29 23:00:00,27.0,2.43,72,3.5
2024-05-30 00:00:00,30.7,1.6,45,10.0
2024-05-30 01:00:00,23.2,1.57,75,7.6
2024-05-30 02:00:00,23.8,0.44,52,4.5
2024-05-30 03:00:00,28.3,2.13,86,8.5
2024-05-30 04:00:00,28.9,0.82,48,1.9
2024-05-30 05:00:00,18.9,2.66,74,11.3
2024-05-30 06:00:00,30.3,2.26,73,10.7
2024-05-30 07:00:00,31.9,2.43,55,3.2
2024-05-30 08:00:00,27.6,4.51,57,9.1
2024-05-30 09:00:00,39.9,1.94,57,7.5
2024-05-30 10:00:00,24.6,3.14,77,0.9
2024-05-30 11:00:00,26.2,5.08,89,4.2
2024-05-30 12:00:00,26.0,3.96,82,15.0
2024-05-30 13:00:00,27.6,3.73,71,1.5
2024-05-30 14:00:00,26.4,1.54,46,7.6
2024-05-30 15:00:00,21.0,2.34,62,12.7
2024-05-30 16:00:00,25.3,0.02,62,4.5
2024-05-30 17:00:00,27.5,2.75,85,3.9
2024-05-30 18:00:00,34.1,2.41,57,13.4
2024-05-30 19:00:00,39.0,2.04,46,4.6
2024-05-30 20:00:00,34.7,3.54,81,9.8
2024-05-30 21:00:00,24.1,0.19,79,11.1
2024-05-30 22:00:00,24.5,4.45,63,11.8
2024-05-30 23:00:00,27.2,3.35,53,14.9
2024-05-31 00:00:00,36.9,1.89,89,12.0
2024-05-31 01:00:00,27.2,1.78,44,9.9
2024-05-31 02:00:00,21.4,2.72,85,13.4
2024-05-31 03:00:00,25.5,4.28,61,13.6
2024-05-31 04:00:00,31.8,2.15,61,14.6
2024-05-31 05:00:00,31.4,2.22,49,11.6
2024-05-31 06:00:00,27.0,2.03,65,2.9
2024-05-31 07:00:00,31.4,4.67,54,10.6
2024-05-31 08:00:00,16.6,1.45,77,1.1
2024-05-31 09:00:00,28.5,1.96,80,4.8
2024-05-31 10:00:00,32.3,4.2,81,1.7
2024-05-31 11:00:00,23.8,2.22,88,14.2
2024-05-31 12:00:00,23.8,3.71,40,5.1
2024-05-31 13:00:00,18.7,0.63,53,10.7
2024-05-31 14:00:00,35.9,1.69,75,8.6
2024-05-31 15:00:00,24.4,4.23,70,1.6
2024-05-31 16:00:00,29.2,0.99,67,8.4
2024-05-31 17:00:00,31.0,1.77,73,9.9
2024-05-31 18:00:00,35.6,2.39,74,13.2
2024-05-31 19:00:00,27.2,0.52,78,1.1
2024-05-31 20:00:00,25.3,1.38,62,4.4
2024-05-31 21:00:00,28.9,2.17,85,10.4
2024-05-31 22:00:00,34.4,2.07,83,0.5
2024-05-31 23:00:00,27.1,3.92,58,3.1
2024-06-01 00:00:00,23.2,4.31,57,3.3
2024-06-01 01:00:00,20.3,0.72,54,10.0
2024-06-01 02:00:00,21.9,2.17,40,4.3
2024-06-01 03:00:00,32.3,3.01,64,9.0
2024-06-01 04:00:00,26.4,4.27,65,14.5
2024-06-01 05:00:00,25.0,3.08,74,11.9
2024-06-01 06:00:00,24.4,2.44,54,5.0
2024-06-01 07:00:00,28.4,3.0,43,7.1
2024-06-01 08:00:00,26.8,3.01,54,3.0
2024-06-01 09:00:00,26.6,0.61,81,0.2
2024-06-01 10:00:00,34.7,2.29,77,4.3
2024-06-01 11:00:00,35.7,4.19,84,5.5
2024-06-01 12:00:00,19.9,1.69,78,8.5
2024-06-01 13:00:00,29.6,2.19,40,14.2
2024-06-01 14:00:00,24.1,1.64,61,14.2
2024-06-01 15:00:00,26.8,1.47,50,1.1
2024-06-01 16:00:00,29.5,2.03,85,9.2
2024-06-01 17:00:00,26.9,2.45,77,0.6
2024-06-01 18:00:00,29.2,1.23,76,9.7
2024-06-01 19:00:00,31.4,0.27,65,1.8
2024-06-01 20:00:00,29.5,0.68,66,14.2
2024-06-01 21:00:00,24.8,3.15,52,13.0
2024-06-01 22:00:00,24.9,4.96,46,0.3
2024-06-01 23:00:00,20.8,4.07,47,11.7
2024-06-02 00:00:00,23.7,0.02,85,9.5
2024-06-02 01:00:00,37.8,3.28,62,7.4
2024-06-02 02:00:00,24.0,1.01,65,9.0
2024-06-02 03:00:00,22.0,1.13,83,10.2
2024-06-02 04:00:00,29.6,1.31,66,13.3
2024-06-02 05:00:00,27.4,3.06,48,11.5
2024-06-02 06:00:00,27.0,3.44,85,8.6
2024-06-02 07:00:00,35.0,1.85,77,12.4
2024-06-02 08:00:00,30.7,1.88,86,14.8
2024-06-02 09:00:00,25.4,2.7,52,4.5
2024-06-02 10:00:00,25.9,2.85,46,1.8
2024-06-02 11:00:00,25.5,3.76,50,11.0
2024-06-02 12:00:00,32.4,0.07,49,14.7
2024-06-02 13:00:00,26.5,2.03,72,1.8
2024-06-02 14:00:00,19.0,0.4,78,6.5
2024-06-02 15:00:00,27.8,1.92,89,0.9
2024-06-02 16:00:00,20.3,1.66,42,11.6
2024-06-02 17:00:00,38.9,1.93,80,14.2
2024-06-02 18:00:00,23.2,0.8,68,7.5
2024-06-02 19:00:00,27.2,0.23,76,6.1
2024-06-02 20:00:00,29.3,1.14,84,13.6
2024-06-02 21:00:00,26.6,1.8,55,2.0
2024-06-02 22:00:00,26.5,1.35,55,13.4
2024-06-02 23:00:00,30.1,0.99,83,5.9
2024-06-03 00:00:00,35.6,3.98,89,8.4
2024-06-03 01:00:00,31.8,0.71,82,7.9
2024-06-03 02:00:00,35.4,4.13,88,9.2
2024-06-03 03:00:00,22.8,4.44,46,14.1
2024-06-03 04:00:00,29.6,0.93,54,14.3
2024-06-03 05:00:00,28.8,2.14,77,12.5
2024-06-03 06:00:00,29.8,1.4,45,2.9
2024-06-03 07:00:00,34.9,2.37,57,5.0
2024-06-03 08:00:00,26.9,0.17,58,7.3
2024-06-03 09:00:00,26.0,3.16,41,13.6
2024-06-03 10:00:00,30.7,5.03,42,7.8
2024-06-03 11:00:00,19.1,3.35,85,14.7
2024-06-03 12:00:00,26.8,2.49,64,14.8
2024-06-03 13:00:00,27.3,1.97,75,9.0
2024-06-03 14:00:00,23.4,4.52,88,13.2
2024-06-03 15:00:00,33.3,5.22,67,15.0
2024-06-03 16:00:00,22.7,1.12,77,12.7
2024-06-03 17:00:00,27.3,1.0,67,9.9
2024-06-03 18:00:00,29.5,1.15,71,12.7
2024-06-03 19:00:00,34.8,3.98,80,1.2
2024-06-03 20:00:00,27.9,1.93,75,9.5
2024-06-03 21:00:00,32.7,2.27,78,3.2
2024-06-03 22:00:00,31.5,0.69,75,1.7
2024-06-03 23:00:00,28.6,0.87,82,13.4
2024-06-04 00:00:00,22.6,1.56,62,9.6
2024-06-04 01:00:00,20.8,2.31,41,3.7
2024-06-04 02:00:00,28.5,1.4,49,5.8
2024-06-04 03:00:00,25.3,0.44,45,14.6
2024-06-04 04:00:00,32.6,0.82,47,12.9
2024-06-04 05:00:00,31.7,3.81,54,0.2
2024-06-04 06:00:00,27.1,2.37,84,14.7
2024-06-04 07:00:00,22.2,2.92,68,5.5
2024-06-04 08:00:00,30.6,0.65,67,10.4
2024-06-04 09:00:00,22.9,2.43,61,10.7
2024-06-04 10:00:00,24.2,1.22,73,13.7
2024-06-04 11:00:00,23.1,0.7,59,13.3
2024-06-04 12:00:00,27.3,2.52,72,4.2
2024-06-04 13:00:00,33.9,6.93,54,9.7
2024-06-04 14:00:00,28.0,3.04,46,5.9
2024-06-04 15:00:00,25.8,6.1,63,7.9
2024-06-04 16:00:00,20.4,2.85,65,8.3
2024-06-04 17:00:00,30.8,1.06,89,5.9
2024-06-04 18:00:00,24.1,2.52,49,7.0
2024-06-04 19:00:00,28.6,4.67,54,3.1
2024-06-04 20:00:00,26.2,4.74,76,9.1
2024-06-04 21:00:00,32.2,1.14,63,11.4
2024-06-04 22:00:00,27.2,2.38,50,6.4
2024-06-04 23:00:00,27.7,0.14,79,14.7
2024-06-05 00:00:00,30.4,3.24,60,0.9
2024-06-05 01:00:00,38.5,4.33,79,8.8
2024-06-05 02:00:00,32.4,2.06,77,8.8
2024-06-05 03:00:00,27.6,1.0,54,0.5
2024-06-05 04:00:00,28.0,2.54,54,3.4
2024-06-05 05:00:00,25.4,2.63,76,13.6
2024-06-05 06:00:00,23.3,2.12,84,8.2
2024-06-05 07:00:00,25.2,2.27,53,6.5
2024-06-05 08:00:00,24.1,1.74,82,6.2
2024-06-05 09:00:00,31.3,3.49,60,13.3
2024-06-05 10:00:00,22.6,3.1,83,5.5
2024-06-05 11:00:00,34.7,0.53,59,12.9
2024-06-05 12:00:00,31.8,0.48,72,4.6
2024-06-05 13:00:00,28.1,1.62,42,8.0
2024-06-05 14:00:00,28.0,3.11,79,2.2
2024-06-05 15:00:00,25.2,2.22,62,12.4
2024-06-05 16:00:00,29.4,1.04,83,11.0
2024-06-05 17:00:00,33.4,2.39,86,8.0
2024-06-05 18:00:00,24.5,1.5,62,0.4
2024-06-05 19:00:00,20.3,3.32,66,7.2
2024-06-05 20:00:00,31.5,2.5,74,3.4
2024-06-05 21:00:00,29.6,1.53,64,6.2
2024-06-05 22:00:00,22.4,2.35,71,12.8
2024-06-05 23:00:00,24.3,3.97,61,11.5
2024-06-06 00:00:00,23.7,1.15,47,3.6
2024-06-06 01:00:00,24.4,2.6,77,14.8
2024-06-06 02:00:00,26.4,1.89,57,13.5
2024-06-06 03:00:00,26.7,2.64,67,7.9
2024-06-06 04:00:00,24.7,1.02,67,8.0
2024-06-06 05:00:00,24.2,2.17,50,13.5
2024-06-06 06:00:00,26.9,3.66,51,9.5
2024-06-06 07:00:00,28.8,0.59,41,8.1
2024-06-06 08:00:00,26.4,0.01,76,11.2
2024-06-06 09:00:00,33.8,0.06,43,3.5
2024-06-06 10:00:00,30.5,0.24,80,13.2
2024-06-06 11:00:00,20.0,2.89,84,8.0
2024-06-06 12:00:00,30.6,0.11,84,9.1
2024-06-06 13:00:00,31.0,1.55,86,1.3
2024-06-06 14:00:00,25.8,2.93,73,4.6
2024-06-06 15:00:00,20.5,2.62,62,6.4
2024-06-06 16:00:00,28.0,1.42,52,6.2
2024-06-06 17:00:00,28.0,2.29,46,11.7
2024-06-06 18:00:00,22.4,2.16,71,4.2
2024-06-06 19:00:00,20.7,1.66,62,2.7
2024-06-06 20:00:00,27.6,1.68,88,8.7
2024-06-06 21:00:00,26.8,5.35,47,9.2
2024-06-06 22:00:00,25.9,3.21,89,1.8
2024-06-06 23:00:00,27.6,5.72,86,0.0
2024-06-07 00:00:00,22.5,1.25,86,13.8
2024-06-07 01:00:00,25.8,1.87,76,1.2
2024-06-07 02:00:00,30.7,0.0,73,13.5
2024-06-07 03:00:00,26.3,0.79,87,6.0
2024-06-07 04:00:00,19.6,4.85,68,9.8
2024-06-07 05:00:00,25.6,1.22,76,2.8
2024-06-07 06:00:00,22.6,4.88,62,12.4
2024-06-07 07:00:00,29.3,0.13,77,2.7
2024-06-07 08:00:00,29.6,0.42,68,5.8
2024-06-07 09:00:00,19.7,1.49,83,3.6
2024-06-07 10:00:00,31.8,1.9,44,12.6
2024-06-07 11:00:00,22.4,3.38,79,12.9
2024-06-07 12:00:00,35.8,2.68,50,5.6
2024-06-07 13:00:00,27.8,1.38,53,4.6
2024-06-07 14:00:00,21.8,1.8,88,11.6
2024-06-07 15:00:00,22.3,1.52,81,13.2
2024-06-07 16:00:00,29.7,0.63,41,9.4
2024-06-07 17:00:00,26.0,0.67,74,13.9
2024-06-07 18:00:00,27.5,3.54,84,5.7
2024-06-07 19:00:00,36.1,0.74,88,2.3
2024-06-07 20:00:00,24.5,4.43,74,2.7
2024-06-07 21:00:00,28.3,1.49,81,10.0
2024-06-07 22:00:00,35.1,0.84,67,6.1
2024-06-07 23:00:00,29.4,3.11,47,2.3
2024-06-08 00:00:00,20.0,4.23,71,4.4
2024-06-08 01:00:00,30.5,3.68,43,8.0
2024-06-08 02:00:00,22.2,2.75,84,1.8
2024-06-08 03:00:00,35.0,3.63,46,0.1
2024-06-08 04:00:00,23.9,0.57,78,13.8
2024-06-08 05:00:00,42.8,1.22,87,4.6
2024-06-08 06:00:00,35.3,0.63,66,3.3
2024-06-08 07:00:00,24.0,3.84,76,10.5
2024-06-08 08:00:00,28.1,1.42,56,12.8
2024-06-08 09:00:00,31.8,3.27,49,9.5
2024-06-08 10:00:00,31.9,2.8,43,3.8
2024-06-08 11:00:00,30.2,0.71,62,12.9
2024-06-08 12:00:00,34.3,1.12,53,7.7
2024-06-08 13:00:00,27.4,3.94,44,5.7
2024-06-08 14:00:00,26.2,0.84,41,9.1
2024-06-08 15:00:00,26.3,2.19,85,10.5
2024-06-08 16:00:00,32.3,0.83,63,8.9
2024-06-08 17:00:00,29.8,1.53,57,13.8
2024-06-08 18:00:00,29.5,1.93,66,9.4
2024-06-08 19:00:00,32.0,0.83,63,13.2
2024-06-08 20:00:00,17.7,0.56,68,8.8
2024-06-08 21:00:00,29.6,2.43,50,4.9
2024-06-08 22:00:00,29.1,0.73,87,8.0
2024-06-08 23:00:00,36.3,0.78,57,1.3
2024-06-09 00:00:00,20.4,0.59,87,3.5
2024-06-09 01:00:00,35.8,1.88,43,11.5
2024-06-09 02:00:00,28.4,3.42,72,9.9
2024-06-09 03:00:00,30.4,4.26,53,2.5
2024-06-09 04:00:00,36.4,0.91,83,6.6
2024-06-09 05:00:00,30.8,5.23,81,2.1
2024-06-09 06:00:00,30.0,0.49,71,12.8
2024-06-09 07:00:00,29.2,3.63,43,1.6
2024-06-09 08:00:00,25.6,0.92,59,9.8
2024-06-09 09:00:00,27.9,0.69,60,9.1
2024-06-09 10:00:00,24.4,0.88,42,7.1
2024-06-09 11:00:00,27.8,1.92,64,4.2
2024-06-09 12:00:00,16.3,2.87,43,6.1
2024-06-09 13:00:00,30.1,3.0,86,12.1
2024-06-09 14:00:00,27.4,0.58,50,11.4
2024-06-09 15:00:00,26.3,0.52,55,11.1
2024-06-09 16:00:00,29.1,0.63,75,11.2
2024-06-09 17:00:00,20.8,1.83,45,2.2
2024-06-09 18:00:00,37.6,1.68,70,1.5
2024-06-09 19:00:00,27.5,0.57,79,12.9
2024-06-09 20:00:00,27.3,2.4,52,12.6
2024-06-09 21:00:00,23.2,5.39,62,10.2
2024-06-09 22:00:00,28.1,1.24,43,9.1
2024-06-09 23:00:00,34.9,1.35,76,5.5
2024-06-10 00:00:00,33.2,2.84,81,3.4
2024-06-10 01:00:00,32.3,1.16,76,10.0
2024-06-10 02:00:00,30.7,3.0,83,13.7
2024-06-10 03:00:00,26.2,0.92,72,6.6
2024-06-10 04:00:00,20.7,4.75,81,4.5
2024-06-10 05:00:00,27.0,2.52,68,4.1
2024-06-10 06:00:00,26.8,1.07,76,0.4
2024-06-10 07:00:00,33.2,1.12,58,7.8
2024-06-10 08:00:00,29.5,1.23,59,14.8
2024-06-10 09:00:00,36.1,4.06,71,12.2
2024-06-10 10:00:00,34.0,0.1,83,13.5
2024-06-10 11:00:00,25.7,1.0,55,9.3
2024-06-10 12:00:00,19.0,1.16,44,7.2
2024-06-10 13:00:00,34.9,1.98,88,14.9
2024-06-10 14:00:00,34.8,1.59,85,6.7
2024-06-10 15:00:00,21.2,0.24,51,13.8
2024-06-10 16:00:00,35.5,1.4,84,11.4
2024-06-10 17:00:00,29.9,1.85,60,5.0
2024-06-10 18:00:00,28.8,1.06,53,7.5
2024-06-10 19:00:00,36.1,3.03,76,5.8
2024-06-10 20:00:00,34.7,3.38,61,2.0
2024-06-10 21:00:00,31.3,1.88,69,5.4
2024-06-10 22:00:00,30.4,2.35,62,13.3
2024-06-10 23:00:00,31.1,1.24,44,11.3
2024-06-11 00:00:00,26.0,1.37,68,4.2
2024-06-11 01:00:00,27.7,3.51,69,5.5
2024-06-11 02:00:00,23.5,1.36,57,9.2
2024-06-11 03:00:00,26.3,0.89,85,6.2
2024-06-11 04:00:00,26.2,5.42,89,7.5
2024-06-11 05:00:00,24.8,4.73,40,10.5
2024-06-11 06:00:00,28.7,2.7,78,7.0
2024-06-11 07:00:00,26.4,3.71,56,2.9
2024-06-11 08:00:00,30.5,1.34,42,7.8
2024-06-11 09:00:00,19.9,0.82,81,5.3
2024-06-11 10:00:00,27.4,1.3,46,4.4
2024-06-11 11:00:00,28.7,1.65,66,4.9
2024-06-11 12:00:00,26.4,1.27,67,6.6
2024-06-11 13:00:00,27.1,1.83,83,13.3
2024-06-11 14:00:00,20.1,2.58,70,11.0
2024-06-11 15:00:00,29.8,2.82,54,10.0
2024-06-11 16:00:00,31.2,4.4,87,7.1
2024-06-11 17:00:00,30.5,0.82,47,0.0
2024-06-11 18:00:00,33.2,0.69,45,5.1
2024-06-11 19:00:00,29.0,2.02,67,12.2
2024-06-11 20:00:00,30.4,1.56,43,5.8
2024-06-11 21:00:00,28.8,3.35,69,8.5
2024-06-11 22:00:00,31.4,1.08,82,3.1
2024-06-11 23:00:00,20.1,5.22,56,13.7
2024-06-12 00:00:00,23.5,1.62,73,13.8
2024-06-12 01:00:00,35.9,2.22,45,2.2
2024-06-12 02:00:00,15.7,0.04,75,10.9
2024-06-12 03:00:00,27.3,2.43,74,1.1
2024-06-12 04:00:00,33.9,0.97,78,9.0
2024-06-12 05:00:00,27.5,3.04,78,2.7
2024-06-12 06:00:00,26.0,3.09,55,2.2
2024-06-12 07:00:00,28.6,4.04,41,0.1
2024-06-12 08:00:00,26.2,0.47,47,14.1
2024-06-12 09:00:00,28.2,2.24,54,12.4
2024-06-12 10:00:00,24.6,2.85,66,1.2
2024-06-12 11:00:00,33.5,2.66,55,9.0
2024-06-12 12:00:00,35.1,0.7,40,3.5
2024-06-12 13:00:00,27.3,1.59,49,4.0
2024-06-12 14:00:00,21.1,2.52,46,13.1
2024-06-12 15:00:00,25.4,1.77,87,1.7
2024-06-12 16:00:00,27.1,1.15,49,9.0
2024-06-12 17:00:00,30.5,3.15,51,6.0
2024-06-12 18:00:00,23.0,1.93,56,2.9
2024-06-12 19:00:00,24.2,0.02,84,6.8
2024-06-12 20:00:00,30.6,0.9,51,14.1
2024-06-12 21:00:00,32.7,0.31,54,11.7
2024-06-12 22:00:00,24.9,5.59,85,2.0
2024-06-12 23:00:00,21.3,3.08,71,12.7
2024-06-13 00:00:00,44.4,2.28,71,14.1
2024-06-13 01:00:00,31.9,1.73,65,4.2
2024-06-13 02:00:00,26.7,1.63,53,5.0
2024-06-13 03:00:00,32.3,3.75,89,1.9
2024-06-13 04:00:00,27.4,1.26,65,5.2
2024-06-13 05:00:00,32.3,2.87,44,10.1
2024-06-13 06:00:00,28.8,1.48,77,4.1
2024-06-13 07:00:00,28.5,4.91,89,0.1
2024-06-13 08:00:00,27.4,3.11,85,5.1
2024-06-13 09:00:00,20.8,3.87,43,6.8
2024-06-13 10:00:00,37.7,1.12,67,8.5
2024-06-13 11:00:00,23.3,3.59,40,10.3
2024-06-13 12:00:00,21.2,1.53,52,0.9
2024-06-13 13:00:00,26.9,2.17,82,7.0
2024-06-13 14:00:00,23.2,4.45,42,4.0
2024-06-13 15:00:00,27.7,0.44,88,14.2
2024-06-13 16:00:00,31.4,2.3,89,5.4
2024-06-13 17:00:00,33.0,2.66,64,1.5
2024-06-13 18:00:00,32.1,2.78,81,0.6
2024-06-13 19:00:00,26.5,1.32,55,4.0
2024-06-13 20:00:00,28.2,5.13,60,2.7
2024-06-13 21:00:00,30.0,0.06,52,9.7
2024-06-13 22:00:00,19.2,4.19,83,12.7
2024-06-13 23:00:00,30.9,3.82,75,4.7
2024-06-14 00:00:00,20.7,4.85,47,8.7
2024-06-14 01:00:00,38.2,0.38,83,11.0
2024-06-14 02:00:00,26.0,0.7,58,6.0
2024-06-14 03:00:00,27.1,4.24,86,1.0
2024-06-14 04:00:00,24.2,0.82,55,3.4
2024-06-14 05:00:00,24.9,0.41,51,13.2
2024-06-14 06:00:00,39.4,1.27,59,12.4
2024-06-14 07:00:00,32.7,2.29,57,1.3
2024-06-14 08:00:00,20.3,4.39,51,3.4
2024-06-14 09:00:00,35.5,1.72,87,11.5
2024-06-14 10:00:00,34.0,1.09,64,7.3
2024-06-14 11:00:00,26.6,2.47,50,11.4
2024-06-14 12:00:00,29.5,2.7,61,3.2
2024-06-14 13:00:00,27.9,2.66,85,14.3
2024-06-14 14:00:00,37.9,1.73,73,11.8
2024-06-14 15:00:00,24.0,0.93,52,3.0
2024-06-14 16:00:00,28.7,0.62,85,8.4
2024-06-14 17:00:00,25.9,4.13,77,1.7
2024-06-14 18:00:00,20.8,2.28,51,5.4
2024-06-14 19:00:00,39.0,1.52,78,9.9
2024-06-14 20:00:00,22.1,3.68,75,5.0
2024-06-14 21:00:00,29.1,0.3,67,9.9
2024-06-14 22:00:00,19.3,1.66,66,3.7
2024-06-14 23:00:00,26.0,2.21,78,10.8
2024-06-15 00:00:00,30.1,1.34,52,5.4
2024-06-15 01:00:00,23.9,2.15,82,11.9
2024-06-15 02:00:00,30.9,1.72,79,2.1
2024-06-15 03:00:00,26.7,0.1,66,5.4
2024-06-15 04:00:00,33.8,2.27,70,7.0
2024-06-15 05:00:00,34.8,0.01,41,6.4
2024-06-15 06:00:00,25.1,2.25,57,6.5
2024-06-15 07:00:00,28.4,4.06,65,6.7
2024-06-15 08:00:00,28.9,1.58,81,14.8
2024-06-15 09:00:00,31.1,0.24,70,2.9
2024-06-15 10:00:00,28.1,1.81,77,11.5
2024-06-15 11:00:00,29.0,0.75,61,8.3
2024-06-15 12:00:00,26.8,2.89,75,6.2
2024-06-15 13:00:00,28.6,1.78,58,9.5
2024-06-15 14:00:00,34.5,4.56,53,12.8
2024-06-15 15:00:00,31.2,3.74,53,7.0
2024-06-15 16:00:00,31.5,1.77,89,13.0
2024-06-15 17:00:00,31.6,3.07,68,1.4
2024-06-15 18:00:00,27.2,1.41,56,9.8
2024-06-15 19:00:00,29.6,2.05,89,5.0
2024-06-15 20:00:00,22.6,1.46,89,5.8
2024-06-15 21:00:00,34.3,3.15,76,8.6
2024-06-15 22:00:00,14.1,4.15,48,7.2
2024-06-15 23:00:00,27.6,3.2,40,5.7
2024-06-16 00:00:00,33.7,3.38,43,4.6
2024-06-16 01:00:00,21.2,3.38,46,9.3
2024-06-16 02:00:00,30.0,2.83,50,7.6
2024-06-16 03:00:00,24.6,0.29,53,4.8
2024-06-16 04:00:00,26.2,4.55,81,3.1
2024-06-16 05:00:00,32.7,4.71,58,11.6
2024-06-16 06:00:00,29.0,1.65,79,12.0
2024-06-16 07:00:00,17.8,1.44,42,3.2
2024-06-16 08:00:00,23.1,2.92,47,3.9
2024-06-16 09:00:00,32.9,2.83,68,3.6
2024-06-16 10:00:00,30.2,1.7,89,13.3
2024-06-16 11:00:00,36.7,0.12,76,11.6
2024-06-16 12:00:00,36.4,2.46,82,1.1
2024-06-16 13:00:00,26.3,2.83,48,12.5
2024-06-16 14:00:00,40.5,3.09,58,0.6
2024-06-16 15:00:00,28.1,2.52,51,3.8
2024-06-16 16:00:00,23.2,1.59,66,13.8
2024-06-16 17:00:00,24.8,3.49,76,13.0
2024-06-16 18:00:00,16.7,2.1,87,11.7
2024-06-16 19:00:00,36.0,1.3,64,6.9
2024-06-16 20:00:00,36.0,1.73,84,4.8
2024-06-16 21:00:00,22.9,0.62,77,13.2
2024-06-16 22:00:00,26.9,1.73,87,9.9
2024-06-16 23:00:00,28.5,3.03,89,4.4
2024-06-17 00:00:00,23.2,2.51,56,6.9
2024-06-17 01:00:00,19.2,4.28,83,13.2
2024-06-17 02:00:00,26.9,1.61,72,13.6
2024-06-17 03:00:00,26.4,2.73,78,9.9
2024-06-17 04:00:00,26.1,3.19,53,11.0
2024-06-17 05:00:00,29.1,5.51,67,0.6
2024-06-17 06:00:00,35.1,2.22,57,9.1
2024-06-17 07:00:00,26.5,0.43,72,10.3
2024-06-17 08:00:00,28.9,3.27,81,0.3
2024-06-17 09:00:00,31.6,4.8,54,12.7
2024-06-17 10:00:00,30.8,1.52,50,13.9
2024-06-17 11:00:00,24.9,3.26,75,3.6
2024-06-17 12:00:00,28.5,3.84,54,12.7
2024-06-17 13:00:00,30.7,3.53,87,10.0
2024-06-17 14:00:00,22.4,2.19,69,8.7
2024-06-17 15:00:00,34.3,0.95,54,12.6
2024-06-17 16:00:00,35.2,1.88,88,4.3
2024-06-17 17:00:00,24.4,2.69,62,11.9
2024-06-17 18:00:00,29.0,3.36,82,4.7
2024-06-17 19:00:00,31.2,2.5,89,11.8
2024-06-17 20:00:00,25.3,1.43,87,6.8
2024-06-17 21:00:00,30.4,2.83,54,1.8
2024-06-17 22:00:00,28.8,3.29,68,5.7
2024-06-17 23:00:00,20.7,2.57,50,3.5
2024-06-18 00:00:00,30.3,0.75,84,1.5
2024-06-18 01:00:00,22.5,1.73,57,1.7
2024-06-18 02:00:00,32.7,3.42,79,11.7
2024-06-18 03:00:00,24.6,0.07,70,13.2
2024-06-18 04:00:00,27.2,1.14,48,13.9
2024-06-18 05:00:00,34.9,4.26,61,12.8
2024-06-18 06:00:00,30.5,2.77,50,12.5
2024-06-18 07:00:00,22.6,2.91,56,1.0
2024-06-18 08:00:00,22.9,0.38,72,11.9
2024-06-18 09:00:00,25.0,3.11,50,11.7
2024-06-18 10:00:00,30.0,2.41,78,2.0
2024-06-18 11:00:00,29.8,0.38,47,9.9
2024-06-18 12:00:00,23.8,4.14,43,6.8
2024-06-18 13:00:00,22.2,2.24,75,13.5
2024-06-18 14:00:00,29.4,1.41,58,10.4
2024-06-18 15:00:00,27.1,1.43,63,14.3
2024-06-18 16:00:00,38.8,1.02,80,1.6
2024-06-18 17:00:00,28.2,2.89,88,0.6
2024-06-18 18:00:00,37.1,2.39,57,14.6
2024-06-18 19:00:00,22.1,1.71,72,1.2
2024-06-18 20:00:00,20.1,3.92,85,5.8
2024-06-18 21:00:00,22.4,0.08,75,9.7
2024-06-18 22:00:00,33.9,1.1,49,13.2
2024-06-18 23:00:00,36.8,0.72,53,3.8
2024-06-19 00:00:00,24.1,1.58,46,0.4
2024-06-19 01:00:00,25.7,2.1,51,7.8
2024-06-19 02:00:00,22.2,2.65,61,7.1
2024-06-19 03:00:00,18.9,1.48,66,4.6
2024-06-19 04:00:00,31.6,0.68,87,13.1
2024-06-19 05:00:00,29.1,4.53,76,11.2
2024-06-19 06:00:00,28.1,5.62,50,12.9
2024-06-19 07:00:00,21.0,2.21,75,2.4
2024-06-19 08:00:00,36.2,0.86,52,10.4
2024-06-19 09:00:00,25.5,4.21,71,14.6
2024-06-19 10:00:00,30.7,0.17,47,9.2
2024-06-19 11:00:00,20.7,1.5,46,2.6
2024-06-19 12:00:00,27.0,0.96,82,14.9
2024-06-19 13:00:00,29.5,0.26,82,7.9
2024-06-19 14:00:00,29.6,1.58,56,12.6
2024-06-19 15:00:00,28.8,0.7,61,2.2
2024-06-19 16:00:00,30.5,2.02,85,10.0
2024-06-19 17:00:00,22.3,2.04,73,13.7
2024-06-19 18:00:00,29.0,1.07,59,8.0
2024-06-19 19:00:00,28.6,1.44,47,4.3
2024-06-19 20:00:00,29.2,1.65,61,1.9
2024-06-19 21:00:00,28.4,3.21,66,4.4
2024-06-19 22:00:00,21.6,1.78,73,5.3
2024-06-19 23:00:00,21.4,3.24,60,10.6
2024-06-20 00:00:00,16.9,2.88,54,2.7
2024-06-20 01:00:00,32.1,2.86,44,1.6
2024-06-20 02:00:00,32.1,4.08,77,5.8
2024-06-20 03:00:00,32.2,0.32,56,6.9
2024-06-20 04:00:00,29.5,1.29,47,9.4
2024-06-20 05:00:00,17.3,4.64,58,10.6
2024-06-20 06:00:00,22.9,1.61,44,13.3
2024-06-20 07:00:00,28.9,2.22,62,4.3
2024-06-20 08:00:00,28.7,1.7,58,7.9
2024-06-20 09:00:00,26.9,2.2,53,5.5
2024-06-20 10:00:00,29.8,1.93,49,0.0
2024-06-20 11:00:00,28.1,4.0,70,8.7
2024-06-20 12:00:00,28.6,0.93,52,12.2
2024-06-20 13:00:00,24.8,2.49,61,0.5
2024-06-20 14:00:00,32.9,1.66,76,0.1
2024-06-20 15:00:00,25.8,0.07,78,10.9
2024-06-20 16:00:00,21.3,0.39,49,10.3
2024-06-20 17:00:00,24.1,0.6,70,6.1
2024-06-20 18:00:00,26.3,3.63,82,9.9
2024-06-20 19:00:00,33.0,1.78,74,14.3
2024-06-20 20:00:00,27.8,1.22,52,3.7
2024-06-20 21:00:00,27.1,0.6,69,3.7
2024-06-20 22:00:00,21.8,3.79,73,2.8
2024-06-20 23:00:00,31.9,4.2,75,10.9
2024-06-21 00:00:00,24.7,3.78,74,5.3
2024-06-21 01:00:00,27.5,2.74,86,14.8
2024-06-21 02:00:00,35.4,2.43,43,10.7
2024-06-21 03:00:00,30.5,0.18,43,5.5
2024-06-21 04:00:00,19.9,1.63,86,2.2
2024-06-21 05:00:00,19.2,0.97,45,8.9
2024-06-21 06:00:00,27.7,0.74,67,4.4
2024-06-21 07:00:00,21.9,3.59,69,13.6
2024-06-21 08:00:00,31.2,0.96,66,6.6
2024-06-21 09:00:00,28.2,3.79,44,4.4
2024-06-21 10:00:00,28.8,3.32,83,8.8
2024-06-21 11:00:00,24.5,2.84,78,2.1
2024-06-21 12:00:00,36.7,2.92,74,8.4
2024-06-21 13:00:00,42.2,1.08,78,0.8
2024-06-21 14:00:00,26.6,4.79,83,9.1
2024-06-21 15:00:00,29.8,2.06,54,8.0
2024-06-21 16:00:00,28.5,2.45,58,7.8
2024-06-21 17:00:00,26.7,1.03,69,10.3
2024-06-21 18:00:00,23.8,0.6,77,0.7
2024-06-21 19:00:00,22.6,2.72,71,6.9
2024-06-21 20:00:00,22.3,2.33,79,6.7
2024-06-21 21:00:00,30.0,0.82,68,6.9
2024-06-21 22:00:00,25.4,0.16,45,14.7
2024-06-21 23:00:00,15.1,0.1,65,2.1
2024-06-22 00:00:00,30.2,3.79,66,10.4
2024-06-22 01:00:00,27.8,1.08,74,6.0
2024-06-22 02:00:00,34.7,1.49,67,7.7
2024-06-22 03:00:00,29.9,4.18,44,11.4
2024-06-22 04:00:00,20.6,0.32,80,2.4
2024-06-22 05:00:00,16.9,0.91,87,11.5
2024-06-22 06:00:00,24.4,0.85,55,1.1
2024-06-22 07:00:00,24.9,4.43,80,7.2
2024-06-22 08:00:00,32.7,4.99,57,11.1
2024-06-22 09:00:00,28.0,3.13,52,2.9
2024-06-22 10:00:00,33.7,3.18,82,11.6
2024-06-22 11:00:00,21.4,1.13,64,2.5
2024-06-22 12:00:00,32.8,4.92,49,12.0
2024-06-22 13:00:00,31.6,2.4,68,7.0
2024-06-22 14:00:00,17.9,3.28,49,10.3
2024-06-22 15:00:00,34.6,1.84,45,13.8
2024-06-22 16:00:00,28.5,1.6,55,6.1
2024-06-22 17:00:00,30.0,4.49,64,3.5
2024-06-22 18:00:00,23.7,2.81,83,13.0
2024-06-22 19:00:00,34.4,4.18,43,2.4
2024-06-22 20:00:00,22.1,2.38,76,9.5
2024-06-22 21:00:00,32.2,0.73,73,13.8
2024-06-22 22:00:00,32.1,1.12,58,10.1
2024-06-22 23:00:00,23.1,2.15,72,2.9
2024-06-23 00:00:00,37.9,1.06,43,2.3
2024-06-23 01:00:00,29.2,0.34,83,3.8
2024-06-23 02:00:00,31.3,3.8,73,5.9
2024-06-23 03:00:00,20.4,1.18,51,2.4
2024-06-23 04:00:00,38.6,2.21,70,12.0
2024-06-23 05:00:00,21.9,2.44,55,5.4
2024-06-23 06:00:00,33.1,1.12,41,14.0
2024-06-23 07:00:00,23.0,4.18,88,12.6
2024-06-23 08:00:00,24.9,0.32,41,13.6
2024-06-23 09:00:00,31.9,2.39,75,4.4
2024-06-23 10:00:00,33.1,2.37,45,8.6
2024-06-23 11:00:00,21.6,1.92,62,4.8
2024-06-23 12:00:00,33.5,0.05,78,3.9
2024-06-23 13:00:00,33.2,3.31,86,9.1
2024-06-23 14:00:00,23.3,3.12,83,12.3
2024-06-23 15:00:00,36.0,0.99,76,1.4
2024-06-23 16:00:00,20.7,3.06,85,4.1
2024-06-23 17:00:00,24.9,2.56,55,3.1
2024-06-23 18:00:00,30.4,0.08,82,12.0
2024-06-23 19:00:00,23.7,0.72,83,14.0
2024-06-23 20:00:00,29.3,3.71,58,1.2
2024-06-23 21:00:00,29.2,2.46,88,5.7
2024-06-23 22:00:00,27.1,1.15,63,13.7
2024-06-23 23:00:00,32.2,0.71,66,5.2
2024-06-24 00:00:00,26.9,1.23,46,10.7
2024-06-24 01:00:00,29.2,1.33,69,1.5
2024-06-24 02:00:00,33.7,0.73,80,6.7
2024-06-24 03:00:00,32.0,0.61,53,7.5
2024-06-24 04:00:00,31.9,3.71,83,11.4
2024-06-24 05:00:00,22.3,3.46,54,4.3
2024-06-24 06:00:00,30.6,0.09,51,4.0
2024-06-24 07:00:00,23.6,2.2,68,4.5
2024-06-24 08:00:00,21.6,0.65,62,8.3
2024-06-24 09:00:00,27.6,1.61,52,13.1
2024-06-24 10:00:00,23.5,1.48,48,12.5
2024-06-24 11:00:00,32.0,1.36,63,0.9
2024-06-24 12:00:00,32.1,5.0,78,13.2
2024-06-24 13:00:00,18.5,1.34,69,1.4
2024-06-24 14:00:00,23.9,0.79,40,6.2
2024-06-24 15:00:00,20.7,0.86,49,11.5
2024-06-24 16:00:00,25.7,3.57,77,1.2
2024-06-24 17:00:00,30.3,0.48,86,0.6
2024-06-24 18:00:00,26.8,0.86,54,4.9
2024-06-24 19:00:00,25.1,4.17,48,10.9
2024-06-24 20:00:00,34.5,2.37,52,7.8
2024-06-24 21:00:00,16.5,2.29,62,6.3
2024-06-24 22:00:00,34.2,5.2,72,12.2
2024-06-24 23:00:00,25.3,2.37,48,11.5
2024-06-25 00:00:00,27.6,0.94,42,11.8
2024-06-25 01:00:00,25.4,1.58,69,6.9
2024-06-25 02:00:00,35.7,0.3,48,0.3
2024-06-25 03:00:00,21.8,3.88,64,2.6
2024-06-25 04:00:00,28.1,2.86,86,11.1
2024-06-25 05:00:00,30.6,3.69,63,11.3
2024-06-25 06:00:00,19.9,3.82,71,14.6
2024-06-25 07:00:00,23.4,1.38,46,2.9
2024-06-25 08:00:00,27.3,0.58,75,1.8
2024-06-25 09:00:00,23.6,1.92,64,2.1
2024-06-25 10:00:00,23.9,0.69,59,2.8
2024-06-25 11:00:00,26.3,2.25,56,7.9
2024-06-25 12:00:00,31.2,3.7,75,14.6
2024-06-25 13:00:00,26.3,1.75,65,8.8
2024-06-25 14:00:00,33.4,2.22,58,7.8
2024-06-25 15:00:00,23.0,1.86,76,10.1
2024-06-25 16:00:00,21.7,3.2,87,1.1
2024-06-25 17:00:00,37.6,1.0,42,12.2
2024-06-25 18:00:00,24.7,1.29,82,9.7
2024-06-25 19:00:00,21.4,2.71,67,2.6
2024-06-25 20:00:00,19.3,3.48,61,9.5
2024-06-25 21:00:00,33.4,2.67,86,8.9
2024-06-25 22:00:00,26.3,1.04,58,1.0
2024-06-25 23:00:00,26.7,0.3,85,4.0
2024-06-26 00:00:00,27.2,2.74,55,5.9
2024-06-26 01:00:00,33.1,2.21,45,3.7
2024-06-26 02:00:00,27.1,1.81,76,3.6
2024-06-26 03:00:00,39.7,4.73,70,8.6
2024-06-26 04:00:00,28.7,0.58,88,7.1
2024-06-26 05:00:00,33.3,4.66,87,10.0
2024-06-26 06:00:00,32.0,2.05,73,14.3
2024-06-26 07:00:00,27.8,0.75,70,9.9
2024-06-26 08:00:00,25.1,1.73,50,8.7
2024-06-26 09:00:00,29.7,3.44,75,12.7
2024-06-26 10:00:00,30.6,1.45,45,9.5
2024-06-26 11:00:00,25.1,0.21,66,2.5
2024-06-26 12:00:00,28.8,1.75,46,4.7
2024-06-26 13:00:00,34.2,0.71,88,11.0
2024-06-26 14:00:00,38.3,2.74,71,11.1
2024-06-26 15:00:00,32.3,3.16,47,14.8
2024-06-26 16:00:00,37.3,0.42,72,9.4
2024-06-26 17:00:00,24.9,0.94,86,13.5
2024-06-26 18:00:00,31.5,3.13,83,0.8
2024-06-26 19:00:00,34.7,0.71,54,8.5
2024-06-26 20:00:00,23.5,0.38,66,13.8
2024-06-26 21:00:00,25.6,0.23,69,4.3
2024-06-26 22:00:00,36.7,2.53,61,2.3
2024-06-26 23:00:00,23.1,2.46,86,5.3
2024-06-27 00:00:00,21.3,0.97,68,11.9
2024-06-27 01:00:00,35.6,2.01,80,1.3
2024-06-27 02:00:00,34.0,4.29,87,9.0
2024-06-27 03:00:00,30.2,0.54,69,2.0
2024-06-27 04:00:00,27.8,0.93,41,6.5
2024-06-27 05:00:00,25.8,2.68,54,14.5
2024-06-27 06:00:00,29.4,1.83,86,2.9
2024-06-27 07:00:00,35.9,0.93,66,0.5
2024-06-27 08:00:00,29.2,2.98,46,6.4
2024-06-27 09:00:00,38.8,3.26,66,8.7
2024-06-27 10:00:00,23.5,1.31,60,4.5
2024-06-27 11:00:00,27.9,1.02,52,8.1
2024-06-27 12:00:00,26.1,5.48,56,14.3
2024-06-27 13:00:00,22.6,2.88,50,4.7
2024-06-27 14:00:00,27.2,3.01,49,4.6
2024-06-27 15:00:00,30.1,3.76,72,7.2
2024-06-27 16:00:00,30.6,2.03,53,7.7
2024-06-27 17:00:00,38.9,3.2,76,0.0
2024-06-27 18:00:00,30.3,3.08,47,9.2
2024-06-27 19:00:00,33.8,2.81,72,15.0
2024-06-27 20:00:00,28.3,1.52,46,4.4
2024-06-27 21:00:00,36.4,2.26,73,9.5
2024-06-27 22:00:00,40.0,1.12,46,0.1
2024-06-27 23:00:00,30.7,2.02,46,9.1
2024-06-28 00:00:00,23.0,0.25,80,6.7
2024-06-28 01:00:00,25.3,0.81,75,8.0
2024-06-28 02:00:00,29.4,1.58,46,8.2
2024-06-28 03:00:00,30.3,0.58,59,2.7
2024-06-28 04:00:00,31.5,1.24,57,11.5
2024-06-28 05:00:00,30.3,1.75,84,8.3
2024-06-28 06:00:00,28.0,2.6,82,4.1
2024-06-28 07:00:00,24.8,3.42,80,14.1
2024-06-28 08:00:00,30.0,1.3,53,0.2
2024-06-28 09:00:00,37.3,4.0,79,10.9
2024-06-28 10:00:00,33.1,3.41,53,5.7
2024-06-28 11:00:00,30.7,2.76,60,7.8
2024-06-28 12:00:00,33.1,2.23,88,4.4
2024-06-28 13:00:00,26.1,2.48,66,4.8
2024-06-28 14:00:00,25.5,3.78,85,0.2
2024-06-28 15:00:00,24.3,3.84,65,10.9
2024-06-28 16:00:00,27.4,4.0,66,10.7
2024-06-28 17:00:00,25.9,2.06,63,9.8
2024-06-28 18:00:00,34.0,2.83,44,13.2
2024-06-28 19:00:00,25.6,4.02,81,13.5
2024-06-28 20:00:00,24.0,1.06,77,8.3
2024-06-28 21:00:00,37.7,1.52,67,10.3
2024-06-28 22:00:00,25.7,2.02,81,0.2
2024-06-28 23:00:00,28.8,3.35,82,12.7
2024-06-29 00:00:00,30.3,3.37,71,12.2
2024-06-29 01:00:00,22.3,1.65,63,0.3
2024-06-29 02:00:00,34.2,0.26,45,8.1
2024-06-29 03:00:00,31.2,2.37,49,13.6
2024-06-29 04:00:00,35.8,0.62,85,2.7
2024-06-29 05:00:00,24.6,0.23,42,5.3
2024-06-29 06:00:00,28.5,0.1,46,5.0
2024-06-29 07:00:00,28.2,2.49,68,5.3
2024-06-29 08:00:00,29.3,4.04,73,0.6
2024-06-29 09:00:00,20.7,2.06,46,4.2
2024-06-29 10:00:00,28.6,2.32,56,4.4
2024-06-29 11:00:00,20.9,3.77,52,13.0
2024-06-29 12:00:00,29.8,0.32,60,5.3
2024-06-29 13:00:00,17.4,2.78,70,6.7
2024-06-29 14:00:00,18.7,1.98,48,5.7
2024-06-29 15:00:00,32.1,2.85,84,1.8
2024-06-29 16:00:00,25.3,1.27,86,14.9
2024-06-29 17:00:00,23.1,0.77,52,12.4
2024-06-29 18:00:00,34.4,2.21,56,8.1
2024-06-29 19:00:00,29.6,4.47,47,7.1
2024-06-29 20:00:00,32.4,3.29,48,9.7
2024-06-29 21:00:00,27.2,1.24,48,4.9
2024-06-29 22:00:00,41.4,0.01,79,0.8
2024-06-29 23:00:00,25.0,0.52,87,6.1
2024-06-30 00:00:00,36.7,3.97,69,14.8
